# name	sinceVersion	sinceApiVersion	progressive	forcesPreReleaseBinaries	forcesPreReleaseBinariesBefore	testOnly	behaviorAfterSinceVersion
TypeAliases	1.1	1.0					CannotBeDisabled
BoundCallableReferences	1.1	1.1					CannotBeDisabled
LocalDelegatedProperties	1.1	1.1					CannotBeDisabled
TopLevelSealedInheritance	1.1	1.0					CannotBeDisabled
AdditionalBuiltInsMembers	1.1	1.0					CannotBeDisabled
DataClassInheritance	1.1	1.0					CannotBeDisabled
InlineProperties	1.1	1.0					CannotBeDisabled
DestructuringLambdaParameters	1.1	1.0					CannotBeDisabled
SingleUnderscoreForParameterName	1.1	1.0					CannotBeDisabled
DslMarkersSupport	1.1	1.0					CannotBeDisabled
UnderscoresInNumericLiterals	1.1	1.0					CannotBeDisabled
DivisionByZeroInConstantExpressions	1.1	1.0					CannotBeDisabled
InlineConstVals	1.1	1.0					CannotBeDisabled
OperatorProvideDelegate	1.1	1.0					CannotBeDisabled
ShortSyntaxForPropertyGetters	1.1	1.0					CannotBeDisabled
RefinedSamAdaptersPriority	1.1	1.0					CannotBeDisabled
SafeCallBoundSmartCasts	1.1	1.0					CannotBeDisabled
TypeInferenceOnGenericsForCallableReferences	1.1	1.0					CannotBeDisabled
NoDelegationToJavaDefaultInterfaceMembers	1.1	1.0					CannotBeDisabled
Coroutines	1.1	1.1					CannotBeDisabled
InlineDefaultFunctionalParameters	1.2	1.0					CannotBeDisabled
SoundSmartCastsAfterTry	1.2	1.0					CannotBeDisabled
NullabilityAssertionOnExtensionReceiver	1.2	1.0					CannotBeDisabled
SafeCastCheckBoundSmartCasts	1.2	1.0					CannotBeDisabled
CapturedInClosureSmartCasts	1.2	1.0					CannotBeDisabled
LateinitTopLevelProperties	1.2	1.0					CannotBeDisabled
LateinitLocalVariables	1.2	1.0					CannotBeDisabled
InnerClassInEnumEntryClass	1.2	1.0					CannotBeDisabled
CallableReferencesToClassMembersWithEmptyLHS	1.2	1.0					CannotBeDisabled
JvmPackageName	1.2	1.0					CannotBeDisabled
AssigningArraysToVarargsInNamedFormInAnnotations	1.2	1.0					CannotBeDisabled
ExpectedTypeFromCast	1.2	1.0					CannotBeDisabled
RestrictionOfValReassignmentViaBackingField	1.3	1.0	progressive				CannotBeDisabled
NestedClassesInEnumEntryShouldBeInner	1.3	1.0	progressive				CannotBeDisabled
ProhibitDataClassesOverridingCopy	1.3	1.0	progressive				CannotBeDisabled
RestrictionOfWrongAnnotationsWithUseSiteTargetsOnTypes	1.3	1.0	progressive				CannotBeDisabled
ProhibitInnerClassesOfGenericClassExtendingThrowable	1.3	1.0	progressive				CannotBeDisabled
ProperForInArrayLoopRangeVariableAssignmentSemantic	1.3	1.0	progressive				CannotBeDisabled
NestedClassesInAnnotations	1.3	1.0					CannotBeDisabled
JvmStaticInInterface	1.3	1.0		prerelease			CannotBeDisabled
JvmFieldInInterface	1.3	1.0		prerelease			CannotBeDisabled
ProhibitVisibilityOfNestedClassifiersFromSupertypesOfCompanion	1.3	1.0	progressive				CannotBeDisabled
ProhibitNonConstValuesAsVarargsInAnnotations	1.3	1.0	progressive				CannotBeDisabled
ReleaseCoroutines	1.3	1.0		prerelease			CannotBeDisabled
ReadDeserializedContracts	1.3	1.0					CannotBeDisabled
UseReturnsEffect	1.3	1.0					CannotBeDisabled
UseCallsInPlaceEffect	1.3	1.0					CannotBeDisabled
AllowContractsForCustomFunctions	1.3	1.0					CannotBeDisabled
VariableDeclarationInWhenSubject	1.3	1.0					CannotBeDisabled
ProhibitLocalAnnotations	1.3	1.0	progressive				CannotBeDisabled
ProhibitSmartcastsOnLocalDelegatedProperty	1.3	1.0	progressive				CannotBeDisabled
ProhibitAssigningSingleElementsToVarargsInNamedForm	1.3	1.0	progressive				CannotBeDisabled
FunctionTypesWithBigArity	1.3	1.3					CannotBeDisabled
RestrictRetentionForExpressionAnnotations	1.3	1.0	progressive				CannotBeDisabled
StrictJavaNullabilityAssertions	1.3	1.0	progressive				CannotBeDisabled
SoundSmartcastForEnumEntries	1.3	1.0	progressive				CannotBeDisabled
ProhibitErroneousExpressionsInAnnotationsWithUseSiteTargets	1.3	1.0	progressive				CannotBeDisabled
NewCapturedReceiverFieldNamingConvention	1.3	1.0	progressive				CannotBeDisabled
ExtendedMainConvention	1.3	1.0					CannotBeDisabled
ExperimentalBuilderInference	1.3	1.0					CannotBeDisabled
InlineClasses	1.3	1.0		prerelease			CannotBeDisabled
DslMarkerOnFunctionTypeReceiver	1.4	1.0	progressive				CannotBeDisabled
RestrictReturnStatementTarget	1.4	1.0	progressive				CannotBeDisabled
WarningOnMainUnusedParameter	1.4	1.0					CannotBeDisabled
PolymorphicSignature	1.4	1.0					CannotBeDisabled
ProhibitConcurrentHashMapContains	1.4	1.0	progressive				CannotBeDisabled
ProhibitTypeParametersForLocalVariables	1.4	1.0	progressive				CannotBeDisabled
ProhibitJvmOverloadsOnConstructorsOfAnnotationClasses	1.4	1.0	progressive				CannotBeDisabled
ProhibitTypeParametersInAnonymousObjects	1.4	1.0	progressive				CannotBeDisabled
ProhibitRepeatedUseSiteTargetAnnotations	1.4	1.0	progressive				CannotBeDisabled
ProhibitUseSiteTargetAnnotationsOnSuperTypes	1.4	1.0	progressive				CannotBeDisabled
ProhibitTypeParametersInClassLiteralsInAnnotationArguments	1.4	1.0	progressive				CannotBeDisabled
ProhibitComparisonOfIncompatibleEnums	1.4	1.0	progressive				CannotBeDisabled
BareArrayClassLiteral	1.4	1.0					CannotBeDisabled
ProhibitGenericArrayClassLiteral	1.4	1.0					CannotBeDisabled
NonParenthesizedAnnotationsOnFunctionalTypes	1.4	1.0					CannotBeDisabled
UseGetterNameForPropertyAnnotationsMethodOnJvm	1.4	1.0					CannotBeDisabled
AllowBreakAndContinueInsideWhen	1.4	1.0					CannotBeDisabled
MixedNamedArgumentsInTheirOwnPosition	1.4	1.0					CannotBeDisabled
ProhibitTailrecOnVirtualMember	1.4	1.0	progressive				CannotBeDisabled
ProperComputationOrderOfTailrecDefaultParameters	1.4	1.0					CannotBeDisabled
TrailingCommas	1.4	1.0					CannotBeDisabled
ProhibitProtectedCallFromInline	1.4	1.0	progressive				CannotBeDisabled
ProperFinally	1.4	1.0	progressive				CannotBeDisabled
AllowAssigningArrayElementsToVarargsInNamedFormForFunctions	1.4	1.0					CannotBeDisabled
AllowNullOperatorsForResult	1.4	1.0					CannotBeDisabled
PreferJavaFieldOverload	1.4	1.0					CannotBeDisabled
AllowContractsForNonOverridableMembers	1.4	1.0					CannotBeDisabled
AllowReifiedGenericsInContracts	1.4	1.0					CannotBeDisabled
ProperVisibilityForCompanionObjectInstanceField	1.4	1.0	progressive				CannotBeDisabled
DoNotGenerateThrowsForDelegatedKotlinMembers	1.4	1.0					CannotBeDisabled
ProperIeee754Comparisons	1.4	1.0	progressive				CannotBeDisabled
FunctionalInterfaceConversion	1.4	1.0		prerelease			CannotBeDisabled
GenerateJvmOverloadsAsFinal	1.4	1.0					CannotBeDisabled
MangleClassMembersReturningInlineClasses	1.4	1.0					CannotBeDisabled
ImproveReportingDiagnosticsOnProtectedMembersOfBaseClass	1.4	1.0	progressive				CannotBeDisabled
NewInference	1.4	1.0					CannotBeDisabled
SamConversionForKotlinFunctions	1.4	1.0					CannotBeDisabled
SamConversionPerArgument	1.4	1.0					CannotBeDisabled
FunctionReferenceWithDefaultValueAsOtherType	1.4	1.0					CannotBeDisabled
OverloadResolutionByLambdaReturnType	1.4	1.0					CannotBeDisabled
ContractsOnCallsWithImplicitReceiver	1.4	1.0					CannotBeDisabled
ProhibitSpreadOnSignaturePolymorphicCall	1.5	1.0	progressive				CannotBeDisabled
ProhibitInvisibleAbstractMethodsInSuperclasses	1.5	1.0	progressive				CannotBeDisabled
ProhibitNonReifiedArraysAsReifiedTypeArguments	1.5	1.0	progressive				CannotBeDisabled
ProhibitVarargAsArrayAfterSamArgument	1.5	1.0	progressive				CannotBeDisabled
CorrectSourceMappingSyntax	1.5	1.0		prerelease			CannotBeDisabled
RequiredPrimaryConstructorDelegationCallInEnums	1.5	1.0	progressive				CannotBeDisabled
ApproximateAnonymousReturnTypesInPrivateInlineFunctions	1.5	1.0	progressive				CannotBeDisabled
ForbidReferencingToUnderscoreNamedParameterOfCatchBlock	1.5	1.0	progressive				CannotBeDisabled
UseCorrectExecutionOrderForVarargArguments	1.5	1.0	progressive				CannotBeDisabled
JvmRecordSupport	1.5	1.0					CannotBeDisabled
AllowNullOperatorsForResultAndResultReturnTypeByDefault	1.5	1.0					CannotBeDisabled
AllowSealedInheritorsInDifferentFilesOfSamePackage	1.5	1.0					CannotBeDisabled
SealedInterfaces	1.5	1.0					CannotBeDisabled
JvmInlineValueClasses	1.5	1.0					CannotBeDisabled
SuspendFunctionsInFunInterfaces	1.5	1.0					CannotBeDisabled
SamWrapperClassesAreSynthetic	1.5	1.0	progressive				CannotBeDisabled
StrictOnlyInputTypesChecks	1.5	1.0					CannotBeDisabled
ProhibitJvmFieldOnOverrideFromInterfaceInPrimaryConstructor	1.6	1.0	progressive				CannotBeDisabled
PrivateInFileEffectiveVisibility	1.6	1.0	progressive				CannotBeDisabled
ProhibitSelfCallsInNestedObjects	1.6	1.0	progressive				CannotBeDisabled
ProperCheckAnnotationsTargetInTypeUsePositions	1.6	1.0	progressive				CannotBeDisabled
SuspendFunctionAsSupertype	1.6	1.0					CannotBeDisabled
UnrestrictedBuilderInference	1.6	1.0					CannotBeDisabled
ClassTypeParameterAnnotations	1.6	1.0					CannotBeDisabled
WarnAboutNonExhaustiveWhenOnAlgebraicTypes	1.6	1.0	progressive				CannotBeDisabled
InstantiationOfAnnotationClasses	1.6	1.0					CannotBeDisabled
OptInContagiousSignatures	1.6	1.0	progressive				CannotBeDisabled
RepeatableAnnotations	1.6	1.0					CannotBeDisabled
RepeatableAnnotationContainerConstraints	1.6	1.0	progressive				CannotBeDisabled
UseBuilderInferenceOnlyIfNeeded	1.6	1.0					CannotBeDisabled
SuspendConversion	1.6	1.0					CannotBeDisabled
ProhibitSuperCallsFromPublicInline	1.6	1.0					CannotBeDisabled
ProhibitProtectedConstructorCallFromPublicInline	1.6	1.0					CannotBeDisabled
TypeEnhancementImprovementsInStrictMode	1.7	1.0					CanStillBeDisabledForNow
OptInRelease	1.7	1.0					CannotBeDisabled
ProhibitNonExhaustiveWhenOnAlgebraicTypes	1.7	1.0	progressive				CannotBeDisabled
UseBuilderInferenceWithoutAnnotation	1.7	1.0					CannotBeDisabled
ProhibitSmartcastsOnPropertyFromAlienBaseClass	1.7	1.0	progressive				CannotBeDisabled
ProhibitInvalidCharsInNativeIdentifiers	1.7	1.0	progressive				CannotBeDisabled
DefinitelyNonNullableTypes	1.7	1.0					CannotBeDisabled
ProhibitSimplificationOfNonTrivialConstBooleanExpressions	1.7	1.0					CannotBeDisabled
SafeCallsAreAlwaysNullable	1.7	1.0					CannotBeDisabled
JvmPermittedSubclassesAttributeForSealed	1.7	1.0					CannotBeDisabled
ProperTypeInferenceConstraintsProcessing	1.7	1.0	progressive				CannotBeDisabled
ForbidExposingTypesInPrimaryConstructorProperties	1.7	1.0	progressive				CannotBeDisabled
PartiallySpecifiedTypeArguments	1.7	1.0					CannotBeDisabled
EliminateAmbiguitiesWithExternalTypeParameters	1.7	1.0					CannotBeDisabled
EliminateAmbiguitiesOnInheritedSamInterfaces	1.7	1.0					CannotBeDisabled
ProperInternalVisibilityCheckInImportingScope	1.7	1.0	progressive				CannotBeDisabled
InlineClassImplementationByDelegation	1.7	1.0					CannotBeDisabled
QualifiedSupertypeMayBeExtendedByOtherSupertype	1.7	1.0					CannotBeDisabled
YieldIsNoMoreReserved	1.7	1.0					CannotBeDisabled
NoDeprecationOnDeprecatedEnumEntries	1.7	1.0					CannotBeDisabled
ProhibitQualifiedAccessToUninitializedEnumEntry	1.7	1.0	progressive				CannotBeDisabled
ForbidRecursiveDelegateExpressions	1.7	1.0	progressive				CannotBeDisabled
KotlinFunInterfaceConstructorReference	1.7	1.0					CannotBeDisabled
SuspendOnlySamConversions	1.7	1.0					CannotBeDisabled
DontLoseDiagnosticsDuringOverloadResolutionByReturnType	1.8	1.0					CannotBeDisabled
ProhibitConfusingSyntaxInWhenBranches	1.8	1.0	progressive				CannotBeDisabled
UseConsistentRulesForPrivateConstructorsOfSealedClasses	1.8	1.0	progressive				CannotBeDisabled
ProgressionsChangingResolve	1.8	1.0					CannotBeDisabled
AbstractClassMemberNotImplementedWithIntermediateAbstractClass	1.8	1.0	progressive				CannotBeDisabled
ForbidSuperDelegationToAbstractAnyMethod	1.8	1.0	progressive				CannotBeDisabled
ProperEqualityChecksInBuilderInferenceCalls	1.8	1.0	progressive				CannotBeDisabled
ProhibitNonExhaustiveIfInRhsOfElvis	1.8	1.0	progressive				CannotBeDisabled
ReportMissingUpperBoundsViolatedErrorOnAbbreviationAtSupertypes	1.8	1.0	progressive				CannotBeDisabled
ForbidUsingExtensionPropertyTypeParameterInDelegate	1.8	1.0	progressive				CannotBeDisabled
SynchronizedSuspendError	1.8	1.0	progressive				CannotBeDisabled
ReportNonVarargSpreadOnGenericCalls	1.8	1.0	progressive				CannotBeDisabled
RangeUntilOperator	1.8	1.0					CannotBeDisabled
GenericInlineClassParameter	1.8	1.0		prerelease			CannotBeDisabled
ProhibitIllegalValueParameterUsageInDefaultArguments	1.9	1.0	progressive				CannotBeDisabled
ProhibitConstructorCallOnFunctionalSupertype	1.9	1.0	progressive				CannotBeDisabled
ProhibitArrayLiteralsInCompanionOfAnnotation	1.9	1.0	progressive				CannotBeDisabled
ProhibitCyclesInAnnotations	1.9	1.0	progressive				CannotBeDisabled
ForbidExtensionFunctionTypeOnNonFunctionTypes	1.9	1.0	progressive				CannotBeDisabled
ProhibitEnumDeclaringClass	1.9	1.0	progressive				CannotBeDisabled
StopPropagatingDeprecationThroughOverrides	1.9	1.0	progressive				CannotBeDisabled
ReportTypeVarianceConflictOnQualifierArguments	1.9	1.0	progressive				CannotBeDisabled
ReportErrorsOnRecursiveTypeInsidePlusAssignment	1.9	1.0	progressive				CannotBeDisabled
ForbidExtensionCallsOnInlineFunctionalParameters	1.9	1.0	progressive				CannotBeDisabled
ModifierNonBuiltinSuspendFunError	1.9	1.0	progressive				CannotBeDisabled
EnumEntries	1.9	1.8		prerelease			CannotBeDisabled
ForbidSuperDelegationToAbstractFakeOverride	1.9	1.0	progressive				CannotBeDisabled
DataObjects	1.9	1.0					CannotBeDisabled
ProhibitAccessToEnumCompanionMembersInEnumConstructorCall	1.9	1.0	progressive				CannotBeDisabled
RefineTypeCheckingOnAssignmentsToJavaFields	1.9	1.0	progressive				CannotBeDisabled
ValueClassesSecondaryConstructorWithBody	1.9	1.0		prerelease			CannotBeDisabled
NativeJsProhibitLateinitIsInitializedIntrinsicWithoutPrivateAccess	1.9	1.0	progressive				CannotBeDisabled
TakeIntoAccountEffectivelyFinalInMustBeInitializedCheck	1.9	1.0					CannotBeDisabled
ProhibitUsingNullableTypeParameterAgainstNotNullAnnotated	1.9	1.0					CannotBeDisabled
NoSourceCodeInNotNullAssertionExceptions	1.9	1.4					CannotBeDisabled
MultiplatformRestrictions	1.9	1.0	progressive				CannotBeDisabled
EnhanceNullabilityOfPrimitiveArrays	2.0	1.0	progressive				CannotBeDisabled
AllowEmptyIntersectionsInResultTypeResolver	2.0	1.0					CannotBeDisabled
ProhibitSmartcastsOnPropertyFromAlienBaseClassInheritedInInvisibleClass	2.0	1.0	progressive				CannotBeDisabled
ForbidInferringPostponedTypeVariableIntoDeclaredUpperBound	2.0	1.0	progressive				CannotBeDisabled
ProhibitUseSiteGetTargetAnnotations	2.0	1.0	progressive				CannotBeDisabled
KeepNullabilityWhenApproximatingLocalType	2.0	1.0	progressive				CannotBeDisabled
ProhibitAccessToInvisibleSetterFromDerivedClass	2.0	1.0	progressive				CannotBeDisabled
ProhibitOpenValDeferredInitialization	2.0	1.0	progressive				CannotBeDisabled
SupportEffectivelyFinalInExpectActualVisibilityCheck	2.0	1.0	progressive				CannotBeDisabled
ProhibitMissedMustBeInitializedWhenThereIsNoPrimaryConstructor	2.0	1.0	progressive				CannotBeDisabled
MangleCallsToJavaMethodsWithValueClasses	2.0	1.0					CannotBeDisabled
ProhibitDefaultArgumentsInExpectActualizedByFakeOverride	2.0	1.0	progressive				CannotBeDisabled
DisableCompatibilityModeForNewInference	2.0	1.0					CannotBeDisabled
DfaBooleanVariables	2.0	1.0					CannotBeDisabled
LightweightLambdas	2.0	1.0					CannotBeDisabled
ObjCSignatureOverrideAnnotation	2.0	2.0					CannotBeDisabled
JsAllowValueClassesInExternals	2.0	1.0					CannotBeDisabled
ProhibitImplementingVarByInheritedVal	2.1	1.0	progressive				CannotBeDisabled
PrioritizedEnumEntries	2.1	1.0		prerelease			CannotBeDisabled
ProhibitInlineModifierOnPrimaryConstructorParameters	2.1	1.0	progressive				CannotBeDisabled
ProhibitSingleNamedFunctionAsExpression	2.1	1.0	progressive				CannotBeDisabled
ForbidLambdaParameterWithMissingDependencyType	2.1	1.0	progressive				CannotBeDisabled
JsAllowInvalidCharsIdentifiersEscaping	2.1	1.0					CannotBeDisabled
SupportJavaErrorEnhancementOfArgumentsOfWarningLevelEnhanced	2.1	1.0	progressive				CannotBeDisabled
ProhibitPrivateOperatorCallInInline	2.1	1.0	progressive				CannotBeDisabled
ProhibitTypealiasAsCallableQualifierInImport	2.1	1.0	progressive				CannotBeDisabled
JsExternalPropertyParameters	2.1	1.0					CannotBeDisabled
CorrectSpecificityCheckForSignedAndUnsigned	2.1	1.0					CannotBeDisabled
AllowAccessToProtectedFieldFromSuperCompanion	2.1	1.0					CannotBeDisabled
CheckLambdaAgainstTypeVariableContradictionInResolution	2.1	1.0					CannotBeDisabled
ProperUninitializedEnumEntryAccessAnalysis	2.1	1.0	progressive				CannotBeDisabled
ImprovedCapturedTypeApproximationInInference	2.1	1.0					CannotBeDisabled
ImprovedVarianceInCst	2.1	1.0					CannotBeDisabled
InferMoreImplicationsFromBooleanExpressions	2.1	1.0					CannotBeDisabled
ImprovedExhaustivenessChecksIn21	2.1	1.0					CannotBeDisabled
ProhibitSynchronizationByValueClassesAndPrimitives	2.1	1.0	progressive				CannotBeDisabled
AllowSuperCallToJavaInterface	2.1	1.0					CannotBeDisabled
ProhibitJavaClassInheritingPrivateKotlinClass	2.1	1.0	progressive				CannotBeDisabled
ProhibitReturningIncorrectNullabilityValuesFromSamConstructorLambdaOfJdkInterfaces	2.1	1.0	progressive				CannotBeDisabled
ProhibitNothingAsCatchParameter	2.1	1.0	progressive				CannotBeDisabled
NullableNothingInReifiedPosition	2.1	1.0		prerelease			CannotBeDisabled
ElvisInferenceImprovementsIn21	2.1	1.0					CannotBeDisabled
ConsiderForkPointsWhenCheckingContradictions	2.1	1.0					CannotBeDisabled
AvoidApproximationOfRecursiveCapturedTypesWithNoReason	2.1	1.0					CannotBeDisabled
PCLAEnhancementsIn21	2.1	1.0					CannotBeDisabled
InferenceEnhancementsIn21	2.1	1.0					CannotBeDisabled
StricterConstraintIncorporationRecursionDetector	2.1	1.0					CannotBeDisabled
ForkIsNotSuccessfulWhenNoBranchIsSuccessful	2.1	1.0					CannotBeDisabled
BreakContinueInInlineLambdas	2.2	1.0					CannotBeDisabled
ForbidUsingExpressionTypesWithInaccessibleContent	2.2	1.0	progressive				CannotBeDisabled
ReportExposedTypeForMoreCasesOfTypeParameterBounds	2.2	1.0	progressive				CannotBeDisabled
ForbidReifiedTypeParametersOnTypeAliases	2.2	1.0	progressive				CannotBeDisabled
ForbidProjectionsInAnnotationProperties	2.2	1.0	progressive				CannotBeDisabled
ForbidJvmAnnotationsOnAnnotationParameters	2.2	1.0	progressive				CannotBeDisabled
ForbidFieldAnnotationsOnAnnotationParameters	2.2	1.0	progressive				CannotBeDisabled
ProhibitConstructorAndSupertypeOnTypealiasWithTypeProjection	2.2	1.0	progressive				CannotBeDisabled
CallableReferenceOverloadResolutionInLambda	2.2	1.0					CannotBeDisabled
ProhibitGenericQualifiersOnConstructorCalls	2.2	1.0	progressive				CannotBeDisabled
AvoidWrongOptimizationOfTypeOperatorsOnValueClasses	2.2	1.0					CannotBeDisabled
ForbidSyntheticPropertiesWithoutBaseJavaGetter	2.2	1.0	progressive				CannotBeDisabled
AnnotationDefaultTargetMigrationWarning	2.2	1.0	progressive				CannotBeDisabled
AllowDnnTypeOverridingFlexibleType	2.2	1.0					CannotBeDisabled
ForbidEnumEntryNamedEntries	2.2	1.0	progressive				CannotBeDisabled
WhenGuards	2.2	1.0					CannotBeDisabled
MultiDollarInterpolation	2.2	1.0					CannotBeDisabled
JvmDefaultEnableByDefault	2.2	1.0					CannotBeDisabled
ForbidExposureOfPrivateTypesInNonPrivateInlineFunctionsInKlibs	2.2	1.0	progressive				CannotBeDisabled
FixationEnhancementsIn22	2.2	1.0					CannotBeDisabled
ForbidCrossFileIrFieldAccessInKlibs	2.2	1.0	progressive				CannotBeDisabled
AllowExpectDeclarationsInJsExport	2.2	1.0					CannotBeDisabled
DoNotRunSuspendConversionForLambdaReturnStatements	2.2	1.0	progressive				CannotBeDisabled
JvmNullOutSpilledCoroutineLocals	2.2	2.2					CannotBeDisabled
CapturedTypeApproximationReworked	2.2	1.0					CannotBeDisabled
ForbidCompanionInLocalInnerClass	2.3	1.0	progressive				CannotBeDisabled
ForbidImplementationByDelegationWithDifferentGenericSignature	2.3	1.0	progressive				CannotBeDisabled
ForbidJvmSerializableLambdaOnInlinedFunctionLiterals	2.3	1.0	progressive				CannotBeDisabled
ReportExposedTypeForInternalTypeParameterBounds	2.3	1.0	progressive				CannotBeDisabled
EnableDfaWarningsInK2	2.3	1.0					CannotBeDisabled
ResolveTopLevelLambdasAsSyntheticCallArgument	2.3	1.0					CannotBeDisabled
DataFlowBasedExhaustiveness	2.3	1.0					CannotBeDisabled
UnstableSmartcastOnDelegatedProperties	2.3	1.0	progressive				CannotBeDisabled
ForbidAnnotationsWithUseSiteTargetOnExpressions	2.3	1.0	progressive				CannotBeDisabled
ProhibitNullableTypeThroughTypealias	2.3	1.0	progressive				CannotBeDisabled
ForbidObjectDelegationToItself	2.3	1.0	progressive				CannotBeDisabled
JvmIndyAllowLambdasWithAnnotations	2.3	1.0					CannotBeDisabled
NestedTypeAliases	2.3	1.0		prerelease			CannotBeDisabled
ProhibitIntersectionReifiedTypeParameter	2.3	1.0	progressive				CannotBeDisabled
AllowCheckForErasedTypesInContracts	2.3	1.0					CannotBeDisabled
AllowContractsOnSomeOperators	2.3	1.0					CannotBeDisabled
AllowContractsOnPropertyAccessors	2.3	1.0					CannotBeDisabled
ConditionImpliesReturnsContracts	2.3	1.0					CannotBeDisabled
HoldsInContracts	2.3	1.0					CannotBeDisabled
InferenceEnhancementsIn23	2.3	1.0					CannotBeDisabled
AllowReturnInExpressionBodyWithExplicitType	2.3	1.0					CannotBeDisabled
ParseLambdaWithSuspendModifier	2.3	1.0					CannotBeDisabled
JsAllowLongInExportedDeclarations	2.3	1.0					CannotBeDisabled
JsStaticInInterface	2.3	1.0					CannotBeDisabled
IrRichCallableReferencesInKlibs	2.3	1.0					CannotBeDisabled
AllowCallingJavaOpenSealedClassConstructor	2.3	1.0					CannotBeDisabled
ImprovedExhaustivenessChecksIn23	2.3	1.0					CannotBeDisabled
EqualityConstraintForOperatorsUnderAssignments	2.3	1.0					CannotBeDisabled
AnnotationsInMetadata	2.4	1.0					CannotBeDisabled
ForbidExposingLessVisibleTypesInInline	2.4	1.0	progressive				CannotBeDisabled
ForbidCaptureInlinableLambdasInJsCode	2.4	1.0	progressive				CannotBeDisabled
ForbidInitializationBeforeDeclarationInAnonymous	2.4	1.0	progressive				CannotBeDisabled
ForbidPrivateToThisUnboundCallableReferences	2.4	1.0	progressive				CannotBeDisabled
AllowReifiedTypeInCatchClause	2.4	1.0					CannotBeDisabled
ApproximateLocalTypesInPublicDeclarations	2.4	1.0					CannotBeDisabled
LocalVariableTargetedAnnotationOnDestructuring	2.4	1.0					CannotBeDisabled
ForbidGetSetValueWithTooManyParameters	2.4	1.0	progressive				CannotBeDisabled
ForbidInlineEnumEntries	2.4	1.0	progressive				CannotBeDisabled
TurnTypeCheckWarningsIntoErrors	2.4	1.0	progressive				CannotBeDisabled
ProhibitExtendingAnnotationClasses	2.4	1.0	progressive				CannotBeDisabled
RefinedVarargConversionRulesForCallableReferences	2.4	1.0					CannotBeDisabled
CheckOptInOnPureEnumEntries	2.4	1.0	progressive				CannotBeDisabled
ProperlyCheckUpperBoundsViolationsWhenCreatingFreshVariables	2.4	1.0	progressive				CannotBeDisabled
ReportUpperBoundViolatedInCallArgumentInteractions	2.4	1.0	progressive				CannotBeDisabled
CheckPackageInfoNullnessAnnotations	2.4	1.0	progressive				CannotBeDisabled
ForbidTypeAliasWithMissingDependencyType	2.4	1.0	progressive				CannotBeDisabled
ForbidImplicitTypeAnnotationWithMissingDependency	2.4	1.0	progressive				CannotBeDisabled
ProperExhaustivenessCheckForJavaOpenSealedClass	2.4	1.0	progressive				CannotBeDisabled
DisableMaxTypeDepthFromInitialConstraints	2.4	1.0	progressive				CannotBeDisabled
JsAllowExportingSuspendFunctions	2.4	1.0					CannotBeDisabled
ImprovedResolutionInSecondaryConstructors	2.4	1.0					CannotBeDisabled
CacheLocalVariableScopes	2.4	1.0					CannotBeDisabled
ContextParameters	2.4	1.0					CannotBeDisabled
PropertyParamAnnotationDefaultTargetMode	2.4	1.0					CannotBeDisabled
AnnotationAllUseSiteTarget	2.4	1.0					CannotBeDisabled
OverloadResolutionSpecificityForEnhancedJvmPrimitiveWrappers	2.4	1.0					CannotBeDisabled
ForbidTypeAliasToCompilerRequiredAnnotation	2.4	1.0	progressive				CannotBeDisabled
ForbidArrayLiteralsInNonAnnotationContexts	2.4	1.0	progressive				CannotBeDisabled
LexicographicVariableReadinessCalculation	2.4	1.0					CannotBeDisabled
ForbidClassLiteralWithPotentiallyNullableReifiedLhs	2.4	1.0	progressive				CannotBeDisabled
ForbidOverriddenDefaultParametersInInline	2.4	1.0	progressive				CannotBeDisabled
ForbidRootIdePackageInCli	2.4	1.0	progressive				CannotBeDisabled
ReportOptInUsageOnCompanionObjectAccesses	2.4	1.0	progressive				CannotBeDisabled
ChangedIntersectionWithRecursiveCapturedType	2.4	1.0					CannotBeDisabled
FixedUninitializedEnumCompanionCheck	2.4	1.0					CannotBeDisabled
SkipHiddenObjectsInResolution	2.4	1.0					CannotBeDisabled
NoDeprecationOnImportStatements	2.4	1.0					CannotBeDisabled
JvmEnhancedBridges	2.4	1.0					CannotBeDisabled
DiscriminateNothingAsNullabilityConstraintInInference	2.4	1.0					CannotBeDisabled
ResolveEqualsRhsInDependentContextWithCompletion	2.4	1.0					CannotBeDisabled
IrIntraModuleInlinerBeforeKlibSerialization	2.4	2.3					CannotBeDisabled
ImprovedExhaustivenessCheckForSubjectVariable24	2.4	1.0					CannotBeDisabled
DontMakeExplicitNullableJavaTypeArgumentsFlexible	2.4	1.0					CannotBeDisabled
ExplicitBackingFields	2.4	1.0					CannotBeDisabled
ProhibitFunctionCallsInDefaultParametersOfInline	2.4	1.0	progressive				CannotBeDisabled
AllowNamedCompanionForJsExport	2.4	1.0					CannotBeDisabled
AllowInterfaceNestedClassesInJsExport	2.4	1.0					CannotBeDisabled
NativeTestProcessorBeforeSerialization	2.4	1.0					CannotBeDisabled
JsAllowExportingValueClasses	2.4	1.0					CannotBeDisabled
DontCreateSyntheticPropertiesWithoutBaseJavaGetter	2.4	1.0					CannotBeDisabled
ErrorAboutDataClassCopyVisibilityChange	2.5	1.0	progressive				CannotBeDisabled
KlibAnnotationsInMetadata	2.5	1.0					CannotBeDisabled
ReportDeprecationsOfClassifiersInImplicitInvokes	2.5	1.0	progressive				CannotBeDisabled
ForbidArrayOfNothingInLhsOfClassLiteral	2.5	1.0	progressive				CannotBeDisabled
ForbidReturnInExpressionBodyWithoutExplicitTypeEdgeCases	2.5	1.0					CannotBeDisabled
ForbidExternalEnumEntriesAndPrimaryConstructorProperties	2.5	1.0	progressive				CannotBeDisabled
ReportTypeVarianceConflictsInDnnAndFlexible	2.5	1.0	progressive				CannotBeDisabled
ProperSupportOfInnerClassesInCallableReferenceLHS	2.5	1.0					CannotBeDisabled
DontIgnoreUpperBoundViolatedOnImplicitArguments	2.5	1.0					CannotBeDisabled
AllowAnnotationsOnArgumentsOfAnnotations	2.5	1.0					CannotBeDisabled
ReportDeprecatedCompanionInDelegation	2.5	1.0	progressive				CannotBeDisabled
ReportDeprecationsOfOuterImportedClasses	2.5	1.0	progressive				CannotBeDisabled
ForbidUpperBoundsViolationOnTypeOperatorAndParameterBounds	2.5	1.0	progressive				CannotBeDisabled
ForbidUselessTypeArgumentsIn25	2.5	1.0	progressive				CannotBeDisabled
ExplicitContextArguments	2.5	1.0					CannotBeDisabled
FixesForIntersectionTypesIn25	2.5	1.0					CannotBeDisabled
ProhibitScriptTopLevelInnerClasses	2.5	1.0					CannotBeDisabled
AllowEagerSupertypeAccessibilityChecks	2.5	1.0	progressive				CannotBeDisabled
WrapContinuationForTailCallFunctions	2.5	2.5					CannotBeDisabled
ForbidOperatorEqualsInEnumEntriesAndAnonymousObjects	2.5	1.0	progressive				CannotBeDisabled
ForbidAnnotationsTypeArgumentsAndParenthesesForPackageQualifier	2.5	1.0	progressive				CannotBeDisabled
EnhancementsOfSecondIncorporationKind25	2.5	1.0					CannotBeDisabled
NameBasedDestructuring	2.5	1.0					CannotBeDisabled
JsAllowExportingAnnotationClasses	2.5	1.0					CannotBeDisabled
JsAllowExportingStarProjection	2.5	1.0					CannotBeDisabled
AllowReturnsResultOfContract	2.5	2.4		prerelease			CannotBeDisabled
ForbidAliasedRepeatedAnnotationsOnExpressionsInMultiplatform	2.5	1.0					CannotBeDisabled
CallCompletionRefinementsFor25	2.5	1.0					CannotBeDisabled
ForbidValueClassRecursionViaTypeParameters	2.5	1.0	progressive				CannotBeDisabled
IrCrossModuleInlinerBeforeKlibSerialization	2.5	2.3		prerelease			CannotBeDisabled
JvmSupportRecursiveTypeOf	2.5	1.0					CannotBeDisabled
ReportReificationProblemsInDnnAndFlexible	2.6	1.0	progressive				CannotBeDisabled
ExpectActualClasses		1.0					CannotBeDisabled
DataClassCopyRespectsConstructorVisibility		1.0					CannotBeDisabled
ForbidParenthesizedLhsInAssignments		1.0					CannotBeDisabled
DirectJavaActualization		1.0					CannotBeDisabled
IgnoreNullabilityForErasedValueParameters		1.0					CannotBeDisabled
NoBuilderInferenceWithoutAnnotationRestriction		1.0					CannotBeDisabled
ReportErrorsForComparisonOperators		1.0					CannotBeDisabled
NoAdditionalErrorsInK1DiagnosticReporter		1.0					CannotBeDisabled
AllowExpectValueClassesWithNoPrimaryConstructor		1.0		prerelease			CannotBeDisabled
DisableSimplificationOfFlexibleUpperConstraintWithDnnLowerBound		1.0					CannotBeDisabled
PreciseSimplificationToFlexibleLowerConstraint		1.0					CannotBeDisabled
DiscriminateSuspendInOverloadResolution		1.0					CannotBeDisabled
ExpectRefinement		1.0					CannotBeDisabled
JsEnableExtensionFunctionInExternals		1.0					CannotBeDisabled
PackagePrivateFileClassesWithAllPrivateMembers		1.0					CannotBeDisabled
MultiPlatformProjects		1.0					CannotBeDisabled
ProhibitComparisonOfIncompatibleClasses		1.0					CannotBeDisabled
ProhibitAllMultipleDefaultsInheritedFromSupertypes		1.0					CannotBeDisabled
FunctionalTypeWithExtensionAsSupertype		1.0					CannotBeDisabled
ContextReceivers		1.0					CannotBeDisabled
StrictEquals		1.0				testOnly	CannotBeDisabled
CallableReferencesToContextual		1.0				testOnly	CannotBeDisabled
JavaSamConversionEqualsHashCode		1.0		prerelease			CannotBeDisabled
AllowAnyAsAnActualTypeForExpectInterface		1.0					CannotBeDisabled
CompanionBlocksAndExtensions		1.0		prerelease	2.5		CannotBeDisabled
ProhibitCallableReferencesToStaticsWithTypeArgumentsOrNullMarkInLhs		1.0					CannotBeDisabled
DeprecateNameMismatchInShortDestructuringWithParentheses		1.0					CannotBeDisabled
EnableNameBasedDestructuringShortForm		1.0					CannotBeDisabled
LocalTypeAliases		1.0		prerelease			CannotBeDisabled
JsExposedNotExportedSuperInterfaceApiByExportedOne		1.0					CannotBeDisabled
JsExportInterfacesInImplementableWay		1.0					CannotBeDisabled
JsAllowImplementingFunctionInterface		1.0					CannotBeDisabled
CustomEqualsInValueClasses		1.0					CannotBeDisabled
ContractSyntaxV2		1.0		prerelease			CannotBeDisabled
ReferencesToSyntheticJavaProperties		1.0				testOnly	CannotBeDisabled
ImplicitSignedToUnsignedIntegerConversion		1.0				testOnly	CannotBeDisabled
ForbidInferringTypeVariablesIntoEmptyIntersection		1.0					CannotBeDisabled
IntrinsicConstEvaluation		1.0					CannotBeDisabled
DisableCheckingChangedProgressionsResolve		1.0					CannotBeDisabled
CollectionLiteralsBasedAnnotationResolution		1.0					CannotBeDisabled
CollectionLiterals		1.0					CannotBeDisabled
ProperFieldAccessGenerationForFieldAccessShadowedByKotlinProperty		1.0					CannotBeDisabled
UnnamedLocalVariables		1.0					CannotBeDisabled
ContextSensitiveResolutionUsingExpectedType		1.0					CannotBeDisabled
DisableWarningsForValueBasedJavaClasses		1.0					CannotBeDisabled
DisableWarningsForIdentitySensitiveOperationsOnValueClassesAndPrimitives		1.0					CannotBeDisabled
ExportKlibToOlderAbiVersion		1.0		prerelease			CannotBeDisabled
JvmLoadAnnotationsOnAnnotationProperties		1.0					CannotBeDisabled
ExportKDocDocumentationToKlib		1.0					CannotBeDisabled
FullValueClasses		1.0		prerelease			CannotBeDisabled
JsExportingSuspendLambdas		1.0					CannotBeDisabled
InferThrowableTypeParameterToUpperBound		1.0					CannotBeDisabled
EagerLambdaAnalysis		1.0					CannotBeDisabled
ReportEscapingCapturedVariable		1.0				testOnly	CannotBeDisabled
UnitConversionsOnArbitraryExpressions		1.0					CannotBeDisabled
